id,name,entity_type,frontier_ids
P001,David Duvenaud,PERSON_OR_NAMED_AUTHOR_GROUP,F001
P002,Jan Kulveit,PERSON_OR_NAMED_AUTHOR_GROUP,F001
P003,Raymond Douglas,PERSON_OR_NAMED_AUTHOR_GROUP,F001
P004,David Ha,PERSON_OR_NAMED_AUTHOR_GROUP,F002;F004
P005,Jürgen Schmidhuber,PERSON_OR_NAMED_AUTHOR_GROUP,F002
P006,Juraj Gottweis,PERSON_OR_NAMED_AUTHOR_GROUP,F003
P007,Vivek Natarajan,PERSON_OR_NAMED_AUTHOR_GROUP,F003
P008,Chris Lu,PERSON_OR_NAMED_AUTHOR_GROUP,F004
P009,Cong Lu,PERSON_OR_NAMED_AUTHOR_GROUP,F004
P010,Robert T. Lange,PERSON_OR_NAMED_AUTHOR_GROUP,F004
P011,Jakob Foerster,PERSON_OR_NAMED_AUTHOR_GROUP,F004
P012,Jeff Clune,PERSON_OR_NAMED_AUTHOR_GROUP,F004
P013,Robert Freitas Jr.,PERSON_OR_NAMED_AUTHOR_GROUP,F008;F094
P014,William Gilbreath .,PERSON_OR_NAMED_AUTHOR_GROUP,F008;F094
P015,Ziga Avsec,PERSON_OR_NAMED_AUTHOR_GROUP,F011;F064
P016,Natasha Latysheva,PERSON_OR_NAMED_AUTHOR_GROUP,F011
P017,Szymanski,PERSON_OR_NAMED_AUTHOR_GROUP,F013
P018,Rendy,PERSON_OR_NAMED_AUTHOR_GROUP,F013
P019,Fei,PERSON_OR_NAMED_AUTHOR_GROUP,F013
P020,Kumar,PERSON_OR_NAMED_AUTHOR_GROUP,F013
P021,Ceder,PERSON_OR_NAMED_AUTHOR_GROUP,F013
P022,Persson,PERSON_OR_NAMED_AUTHOR_GROUP,F013
P023,Corentin Coulais,PERSON_OR_NAMED_AUTHOR_GROUP,F014
P024,Eial Teomy,PERSON_OR_NAMED_AUTHOR_GROUP,F014
P025,Koen de Reus,PERSON_OR_NAMED_AUTHOR_GROUP,F014
P026,Yair Shokef,PERSON_OR_NAMED_AUTHOR_GROUP,F014
P027,Martin van Hecke,PERSON_OR_NAMED_AUTHOR_GROUP,F014
P028,Francis Willett,PERSON_OR_NAMED_AUTHOR_GROUP,F017
P029,Erin Kunz,PERSON_OR_NAMED_AUTHOR_GROUP,F017
P030,Chaofei Fan,PERSON_OR_NAMED_AUTHOR_GROUP,F017
P031,Jaimie Henderson .,PERSON_OR_NAMED_AUTHOR_GROUP,F017
P032,Joon Sung Park,PERSON_OR_NAMED_AUTHOR_GROUP,F018
P033,Joseph O'Brien,PERSON_OR_NAMED_AUTHOR_GROUP,F018
P034,Carrie Cai,PERSON_OR_NAMED_AUTHOR_GROUP,F018
P035,Meredith Ringel Morris,PERSON_OR_NAMED_AUTHOR_GROUP,F018
P036,Percy Liang,PERSON_OR_NAMED_AUTHOR_GROUP,F018
P037,Michael Bernstein,PERSON_OR_NAMED_AUTHOR_GROUP,F018
P038,Samuel Hammond,PERSON_OR_NAMED_AUTHOR_GROUP,F020
P039,Yuntao Bai .,PERSON_OR_NAMED_AUTHOR_GROUP,F021;F056
P040,Park .,PERSON_OR_NAMED_AUTHOR_GROUP,F022
P041,Stephan Zheng,PERSON_OR_NAMED_AUTHOR_GROUP,F023
P042,Alexander Trott,PERSON_OR_NAMED_AUTHOR_GROUP,F023
P043,Sunil Srinivasa,PERSON_OR_NAMED_AUTHOR_GROUP,F023
P044,David Parkes,PERSON_OR_NAMED_AUTHOR_GROUP,F023
P045,Richard Socher .,PERSON_OR_NAMED_AUTHOR_GROUP,F023
P046,agent/robot planning as substrate,PERSON_OR_NAMED_AUTHOR_GROUP,F024
P047,Philip Johnston,PERSON_OR_NAMED_AUTHOR_GROUP,F026;F096
P048,Ezra Feilden,PERSON_OR_NAMED_AUTHOR_GROUP,F026;F096
P049,Adi Oltean,PERSON_OR_NAMED_AUTHOR_GROUP,F026;F096
P050,Freitas,PERSON_OR_NAMED_AUTHOR_GROUP,F028
P051,Gilbreath .,PERSON_OR_NAMED_AUTHOR_GROUP,F028
P052,AlphaEvolve/FunSearch/AI Scientist as evidence of machine search over solution spaces,PERSON_OR_NAMED_AUTHOR_GROUP,F029
P053,Shunyu Yao,PERSON_OR_NAMED_AUTHOR_GROUP,F030;F032;F033
P054,Jeffrey Zhao,PERSON_OR_NAMED_AUTHOR_GROUP,F030
P055,Dian Yu,PERSON_OR_NAMED_AUTHOR_GROUP,F030;F033
P056,Nan Du,PERSON_OR_NAMED_AUTHOR_GROUP,F030
P057,Izhak Shafran,PERSON_OR_NAMED_AUTHOR_GROUP,F030
P058,Karthik Narasimhan,PERSON_OR_NAMED_AUTHOR_GROUP,F030;F032
P059,Yuan Cao,PERSON_OR_NAMED_AUTHOR_GROUP,F030
P060,Timo Schick,PERSON_OR_NAMED_AUTHOR_GROUP,F031
P061,Jane Dwivedi-Yu,PERSON_OR_NAMED_AUTHOR_GROUP,F031
P062,Roberto Dessì .,PERSON_OR_NAMED_AUTHOR_GROUP,F031
P063,Noah Shinn,PERSON_OR_NAMED_AUTHOR_GROUP,F032
P064,Federico Cassano,PERSON_OR_NAMED_AUTHOR_GROUP,F032
P065,Edward Berman,PERSON_OR_NAMED_AUTHOR_GROUP,F032
P066,Ashwin Gopinath,PERSON_OR_NAMED_AUTHOR_GROUP,F032
P067,Jeffrey Zhao .,PERSON_OR_NAMED_AUTHOR_GROUP,F033
P068,Aman Madaan .,PERSON_OR_NAMED_AUTHOR_GROUP,F034
P069,Qingyun Wu .,PERSON_OR_NAMED_AUTHOR_GROUP,F035
P070,Guanzhi Wang,PERSON_OR_NAMED_AUTHOR_GROUP,F036
P071,Yuqi Xie,PERSON_OR_NAMED_AUTHOR_GROUP,F036
P072,Yunfan Jiang,PERSON_OR_NAMED_AUTHOR_GROUP,F036
P073,Ajay Mandlekar,PERSON_OR_NAMED_AUTHOR_GROUP,F036
P074,Chaowei Xiao,PERSON_OR_NAMED_AUTHOR_GROUP,F036
P075,Yuke Zhu,PERSON_OR_NAMED_AUTHOR_GROUP,F036
P076,Linxi Fan,PERSON_OR_NAMED_AUTHOR_GROUP,F036
P077,Anima Anandkumar,PERSON_OR_NAMED_AUTHOR_GROUP,F036
P078,Joon Sung Park .,PERSON_OR_NAMED_AUTHOR_GROUP,F037
P079,Danijar Hafner,PERSON_OR_NAMED_AUTHOR_GROUP,F038
P080,Jurgis Pasukonis,PERSON_OR_NAMED_AUTHOR_GROUP,F038
P081,Jimmy Ba,PERSON_OR_NAMED_AUTHOR_GROUP,F038
P082,Timothy Lillicrap,PERSON_OR_NAMED_AUTHOR_GROUP,F038
P083,Michael Ahn .,PERSON_OR_NAMED_AUTHOR_GROUP,F039
P084,Danny Driess,PERSON_OR_NAMED_AUTHOR_GROUP,F040
P085,Fei Xia,PERSON_OR_NAMED_AUTHOR_GROUP,F040
P086,Mehdi Sajjadi .,PERSON_OR_NAMED_AUTHOR_GROUP,F040
P087,Anthony Brohan .,PERSON_OR_NAMED_AUTHOR_GROUP,F042
P088,Chris Lu .,PERSON_OR_NAMED_AUTHOR_GROUP,F048
P089,Gottweis,PERSON_OR_NAMED_AUTHOR_GROUP,F049
P090,Natarajan .,PERSON_OR_NAMED_AUTHOR_GROUP,F049
P091,Andres M. Bran,PERSON_OR_NAMED_AUTHOR_GROUP,F050
P092,Sam Cox,PERSON_OR_NAMED_AUTHOR_GROUP,F050
P093,Oliver Schilter,PERSON_OR_NAMED_AUTHOR_GROUP,F050
P094,Carlo Baldassari,PERSON_OR_NAMED_AUTHOR_GROUP,F050
P095,Andrew D. White,PERSON_OR_NAMED_AUTHOR_GROUP,F050
P096,Philippe Schwaller,PERSON_OR_NAMED_AUTHOR_GROUP,F050
P097,Nathan Szymanski .,PERSON_OR_NAMED_AUTHOR_GROUP,F051
P098,Gerbrand Ceder,PERSON_OR_NAMED_AUTHOR_GROUP,F051
P099,Kristin Persson collaborators,PERSON_OR_NAMED_AUTHOR_GROUP,F051
P100,Bernardino Romera-Paredes .,PERSON_OR_NAMED_AUTHOR_GROUP,F053;F055
P101,Daniel Mankowitz,PERSON_OR_NAMED_AUTHOR_GROUP,F054
P102,Andrea Michi .,PERSON_OR_NAMED_AUTHOR_GROUP,F054
P103,Alhussein Fawzi,PERSON_OR_NAMED_AUTHOR_GROUP,F055
P104,Matej Balog,PERSON_OR_NAMED_AUTHOR_GROUP,F055
P105,Geoffrey Irving,PERSON_OR_NAMED_AUTHOR_GROUP,F057
P106,Paul Christiano,PERSON_OR_NAMED_AUTHOR_GROUP,F057;F058
P107,Dario Amodei,PERSON_OR_NAMED_AUTHOR_GROUP,F057
P108,Mark Xu,PERSON_OR_NAMED_AUTHOR_GROUP,F058
P109,Ajeya Cotra / ARC,PERSON_OR_NAMED_AUTHOR_GROUP,F058
P110,Dylan Hadfield-Menell,PERSON_OR_NAMED_AUTHOR_GROUP,F059
P111,Anca Dragan,PERSON_OR_NAMED_AUTHOR_GROUP,F059
P112,Pieter Abbeel,PERSON_OR_NAMED_AUTHOR_GROUP,F059
P113,Stuart Russell,PERSON_OR_NAMED_AUTHOR_GROUP,F059
P114,Saffron Huang,PERSON_OR_NAMED_AUTHOR_GROUP,F060
P115,Divya Siddarth,PERSON_OR_NAMED_AUTHOR_GROUP,F060
P116,Liane Lovitt .,PERSON_OR_NAMED_AUTHOR_GROUP,F060
P117,Samuel Bowman .,PERSON_OR_NAMED_AUTHOR_GROUP,F061
P118,John Jumper .,PERSON_OR_NAMED_AUTHOR_GROUP,F062
P119,Josh Abramson .,PERSON_OR_NAMED_AUTHOR_GROUP,F063
P120,Natasha Latysheva .,PERSON_OR_NAMED_AUTHOR_GROUP,F064
P121,Ziga Avsec .,PERSON_OR_NAMED_AUTHOR_GROUP,F065
P122,Joseph Watson,PERSON_OR_NAMED_AUTHOR_GROUP,F066
P123,David Juergens,PERSON_OR_NAMED_AUTHOR_GROUP,F066
P124,Nathaniel Bennett .,PERSON_OR_NAMED_AUTHOR_GROUP,F066
P125,Martin Jinek,PERSON_OR_NAMED_AUTHOR_GROUP,F067
P126,Krzysztof Chylinski,PERSON_OR_NAMED_AUTHOR_GROUP,F067
P127,Jennifer Doudna,PERSON_OR_NAMED_AUTHOR_GROUP,F067
P128,Emmanuelle Charpentier .,PERSON_OR_NAMED_AUTHOR_GROUP,F067
P129,Alexis Komor,PERSON_OR_NAMED_AUTHOR_GROUP,F068
P130,Yongjoo Kim,PERSON_OR_NAMED_AUTHOR_GROUP,F068
P131,Michael Packer,PERSON_OR_NAMED_AUTHOR_GROUP,F068
P132,John Zuris,PERSON_OR_NAMED_AUTHOR_GROUP,F068
P133,David Liu .,PERSON_OR_NAMED_AUTHOR_GROUP,F068
P134,Andrew Anzalone,PERSON_OR_NAMED_AUTHOR_GROUP,F069
P135,Peyton Randolph,PERSON_OR_NAMED_AUTHOR_GROUP,F069
P136,Jessie Davis .,PERSON_OR_NAMED_AUTHOR_GROUP,F069
P137,David Liu,PERSON_OR_NAMED_AUTHOR_GROUP,F069
P138,Clyde Hutchison III .,PERSON_OR_NAMED_AUTHOR_GROUP,F070
P139,Sam Kriegman,PERSON_OR_NAMED_AUTHOR_GROUP,F071
P140,Douglas Blackiston,PERSON_OR_NAMED_AUTHOR_GROUP,F071
P141,Michael Levin,PERSON_OR_NAMED_AUTHOR_GROUP,F071
P142,Josh Bongard,PERSON_OR_NAMED_AUTHOR_GROUP,F071
P143,Lena Smirnova,PERSON_OR_NAMED_AUTHOR_GROUP,F072
P144,Brian Caffo,PERSON_OR_NAMED_AUTHOR_GROUP,F072
P145,David Gracias,PERSON_OR_NAMED_AUTHOR_GROUP,F072
P146,Brett Kagan,PERSON_OR_NAMED_AUTHOR_GROUP,F072
P147,Alysson Muotri,PERSON_OR_NAMED_AUTHOR_GROUP,F072
P148,Thomas Hartung .,PERSON_OR_NAMED_AUTHOR_GROUP,F072
P149,Brett Kagan .,PERSON_OR_NAMED_AUTHOR_GROUP,F073
P150,Yuancheng Lu .,PERSON_OR_NAMED_AUTHOR_GROUP,F074
P151,Francis Willett .,PERSON_OR_NAMED_AUTHOR_GROUP,F075
P152,Gopala Anumanchipalli,PERSON_OR_NAMED_AUTHOR_GROUP,F076
P153,Josh Chartier,PERSON_OR_NAMED_AUTHOR_GROUP,F076
P154,Edward Chang,PERSON_OR_NAMED_AUTHOR_GROUP,F076
P155,David Kolesky,PERSON_OR_NAMED_AUTHOR_GROUP,F077
P156,Kimberly Homan,PERSON_OR_NAMED_AUTHOR_GROUP,F077
P157,Mark Skylar-Scott .,PERSON_OR_NAMED_AUTHOR_GROUP,F077
P158,Amil Merchant,PERSON_OR_NAMED_AUTHOR_GROUP,F078
P159,Ekin Dogus Cubuk .,PERSON_OR_NAMED_AUTHOR_GROUP,F078
P160,Claudio Zeni,PERSON_OR_NAMED_AUTHOR_GROUP,F079
P161,Robert Pinsler,PERSON_OR_NAMED_AUTHOR_GROUP,F079
P162,Daniel Zügner .,PERSON_OR_NAMED_AUTHOR_GROUP,F079
P163,Han Yang,PERSON_OR_NAMED_AUTHOR_GROUP,F080
P164,Chenxi Hu,PERSON_OR_NAMED_AUTHOR_GROUP,F080
P165,Yichi Zhou .,PERSON_OR_NAMED_AUTHOR_GROUP,F080
P166,S. R. White,PERSON_OR_NAMED_AUTHOR_GROUP,F081
P167,N. R. Sottos,PERSON_OR_NAMED_AUTHOR_GROUP,F081
P168,P. H. Geubelle .,PERSON_OR_NAMED_AUTHOR_GROUP,F081
P169,Corentin Coulais .,PERSON_OR_NAMED_AUTHOR_GROUP,F082
P170,Wenjing Meng,PERSON_OR_NAMED_AUTHOR_GROUP,F083
P171,Richard Muscat,PERSON_OR_NAMED_AUTHOR_GROUP,F083
P172,Mireya McKee .,PERSON_OR_NAMED_AUTHOR_GROUP,F083
P173,Andrew Turberfield,PERSON_OR_NAMED_AUTHOR_GROUP,F083
P174,Jonas Degrave .,PERSON_OR_NAMED_AUTHOR_GROUP,F084
P175,Ali Hajimiri,PERSON_OR_NAMED_AUTHOR_GROUP,F087
P176,Sergio Pellegrino,PERSON_OR_NAMED_AUTHOR_GROUP,F087
P177,Starling roadmap,PERSON_OR_NAMED_AUTHOR_GROUP,F089
P178,Stephanie Wehner,PERSON_OR_NAMED_AUTHOR_GROUP,F091
P179,David Elkouss,PERSON_OR_NAMED_AUTHOR_GROUP,F091
P180,Ronald Hanson,PERSON_OR_NAMED_AUTHOR_GROUP,F091
P181,John Mulvaney,PERSON_OR_NAMED_AUTHOR_GROUP,F092
P182,Dale Arney .,PERSON_OR_NAMED_AUTHOR_GROUP,F092
P183,Erik Reppel,PERSON_OR_NAMED_AUTHOR_GROUP,F099
P184,Nemil Dalal,PERSON_OR_NAMED_AUTHOR_GROUP,F099
P185,Dan Kim,PERSON_OR_NAMED_AUTHOR_GROUP,F099
