id,name,branch,origin,description
M001,Российское пространство как единый экономический организм,Ветвь 01 — Россия как система,ИСТОРИКО-СТРАТЕГИЧЕСКИЙ,
M002,Менделеевская рационализация ресурсов,Ветвь 01 — Россия как система,ИСТОРИКО-СТРАТЕГИЧЕСКИЙ,
M003,Развитие производительных сил Востока,Ветвь 01 — Россия как система,ИСТОРИКО-СТРАТЕГИЧЕСКИЙ,
M004,Урало-Сибирский промышленный пояс,Ветвь 01 — Россия как система,ИСТОРИКО-СТРАТЕГИЧЕСКИЙ,
M005,Великая Сибирь,Ветвь 01 — Россия как система,ИСТОРИКО-СТРАТЕГИЧЕСКИЙ,
M006,Дальний Восток как тихоокеанский фасад,Ветвь 01 — Россия как система,ИСТОРИКО-СТРАТЕГИЧЕСКИЙ,
M007,Арктика как новый фронтир,Ветвь 01 — Россия как система,ИСТОРИКО-СТРАТЕГИЧЕСКИЙ,
M008,Россия как континентальная инфраструктура,Ветвь 01 — Россия как система,ИСТОРИКО-СТРАТЕГИЧЕСКИЙ,
M009,Россия как мост цивилизаций,Ветвь 01 — Россия как система,ИСТОРИКО-СТРАТЕГИЧЕСКИЙ,
M010,Россия как самостоятельный цивилизационный полюс,Ветвь 01 — Россия как система,ИСТОРИКО-СТРАТЕГИЧЕСКИЙ,
M011,Общее дело,Ветвь 02 — Фёдоров / радикальный космизм,ИСТОРИКО-СТРАТЕГИЧЕСКИЙ,
M012,Активная эволюция,Ветвь 02 — Фёдоров / радикальный космизм,ИСТОРИКО-СТРАТЕГИЧЕСКИЙ,
M013,Регулирование природы,Ветвь 02 — Фёдоров / радикальный космизм,ИСТОРИКО-СТРАТЕГИЧЕСКИЙ,
M014,Управление климатическими процессами,Ветвь 02 — Фёдоров / радикальный космизм,ИСТОРИКО-СТРАТЕГИЧЕСКИЙ,
M015,Победа над смертью,Ветвь 02 — Фёдоров / радикальный космизм,ИСТОРИКО-СТРАТЕГИЧЕСКИЙ,
M016,Воскрешение предков,Ветвь 02 — Фёдоров / радикальный космизм,ИСТОРИКО-СТРАТЕГИЧЕСКИЙ,
M017,Космическое расселение человечества,Ветвь 02 — Фёдоров / радикальный космизм,ИСТОРИКО-СТРАТЕГИЧЕСКИЙ,
M018,Человечество как единый субъект,Ветвь 02 — Фёдоров / радикальный космизм,ИСТОРИКО-СТРАТЕГИЧЕСКИЙ,
M019,Земля как стартовая площадка цивилизации,Ветвь 02 — Фёдоров / радикальный космизм,ИСТОРИКО-СТРАТЕГИЧЕСКИЙ,
M020,Бессмертная цивилизация,Ветвь 02 — Фёдоров / радикальный космизм,ИСТОРИКО-СТРАТЕГИЧЕСКИЙ,
M021,Ракетное движение,Ветвь 03 — Циолковский / Земля → Космос,ИСТОРИКО-СТРАТЕГИЧЕСКИЙ,
M022,Многоступенчатая ракета,Ветвь 03 — Циолковский / Земля → Космос,ИСТОРИКО-СТРАТЕГИЧЕСКИЙ,
M023,Космическая станция,Ветвь 03 — Циолковский / Земля → Космос,ИСТОРИКО-СТРАТЕГИЧЕСКИЙ,
M024,Орбитальные поселения,Ветвь 03 — Циолковский / Земля → Космос,ИСТОРИКО-СТРАТЕГИЧЕСКИЙ,
M025,Космические города,Ветвь 03 — Циолковский / Земля → Космос,ИСТОРИКО-СТРАТЕГИЧЕСКИЙ,
M026,Планетарная экспансия,Ветвь 03 — Циолковский / Земля → Космос,ИСТОРИКО-СТРАТЕГИЧЕСКИЙ,
M027,Солнечная система как экономическое пространство,Ветвь 03 — Циолковский / Земля → Космос,ИСТОРИКО-СТРАТЕГИЧЕСКИЙ,
M028,Космическая промышленность,Ветвь 03 — Циолковский / Земля → Космос,ИСТОРИКО-СТРАТЕГИЧЕСКИЙ,
M029,Солнечная энергетика в космосе,Ветвь 03 — Циолковский / Земля → Космос,ИСТОРИКО-СТРАТЕГИЧЕСКИЙ,
M030,Многоступенчатое развитие цивилизации,Ветвь 03 — Циолковский / Земля → Космос,ИСТОРИКО-СТРАТЕГИЧЕСКИЙ,
M031,Биосфера как глобальная система,Ветвь 04 — Вернадский / Ноосфера,ИСТОРИКО-СТРАТЕГИЧЕСКИЙ,
M032,Живое вещество как геологическая сила,Ветвь 04 — Вернадский / Ноосфера,ИСТОРИКО-СТРАТЕГИЧЕСКИЙ,
M033,Человечество как геологический фактор,Ветвь 04 — Вернадский / Ноосфера,ИСТОРИКО-СТРАТЕГИЧЕСКИЙ,
M034,Ноосфера,Ветвь 04 — Вернадский / Ноосфера,ИСТОРИКО-СТРАТЕГИЧЕСКИЙ,
M035,Наука как планетарная сила,Ветвь 04 — Вернадский / Ноосфера,ИСТОРИКО-СТРАТЕГИЧЕСКИЙ,
M036,Управление биогеохимическими потоками,Ветвь 04 — Вернадский / Ноосфера,ИСТОРИКО-СТРАТЕГИЧЕСКИЙ,
M037,Замыкание материальных циклов,Ветвь 04 — Вернадский / Ноосфера,ИСТОРИКО-СТРАТЕГИЧЕСКИЙ,
M038,Рациональное преобразование биосферы,Ветвь 04 — Вернадский / Ноосфера,ИСТОРИКО-СТРАТЕГИЧЕСКИЙ,
M039,Планетарный мониторинг Земли,Ветвь 04 — Вернадский / Ноосфера,ИСТОРИКО-СТРАТЕГИЧЕСКИЙ,
M040,Глобальная система знаний о Земле,Ветвь 04 — Вернадский / Ноосфера,ИСТОРИКО-СТРАТЕГИЧЕСКИЙ,
M041,Солнечная активность и биологические процессы,Ветвь 05 — Чижевский / биокосмическая линия,ИСТОРИКО-СТРАТЕГИЧЕСКИЙ,
M042,Космические факторы жизненных циклов,Ветвь 05 — Чижевский / биокосмическая линия,ИСТОРИКО-СТРАТЕГИЧЕСКИЙ,
M043,Гелиобиология,Ветвь 05 — Чижевский / биокосмическая линия,ИСТОРИКО-СТРАТЕГИЧЕСКИЙ,
M044,Космическая медицина,Ветвь 05 — Чижевский / биокосмическая линия,ИСТОРИКО-СТРАТЕГИЧЕСКИЙ,
M045,Мониторинг влияния космической среды на человека,Ветвь 05 — Чижевский / биокосмическая линия,ИСТОРИКО-СТРАТЕГИЧЕСКИЙ,
M046,Периодическая система как фундамент материаловедения,Ветвь 06 — Менделеев / индустриальная Россия,ИСТОРИКО-СТРАТЕГИЧЕСКИЙ,
M047,Системное управление природными ресурсами,Ветвь 06 — Менделеев / индустриальная Россия,ИСТОРИКО-СТРАТЕГИЧЕСКИЙ,
M048,Нефтяная промышленность,Ветвь 06 — Менделеев / индустриальная Россия,ИСТОРИКО-СТРАТЕГИЧЕСКИЙ,
M049,Нефтехимический комплекс,Ветвь 06 — Менделеев / индустриальная Россия,ИСТОРИКО-СТРАТЕГИЧЕСКИЙ,
M050,Сибирская ресурсно-промышленная база,Ветвь 06 — Менделеев / индустриальная Россия,ИСТОРИКО-СТРАТЕГИЧЕСКИЙ,
M051,Урал как металлургическое ядро,Ветвь 06 — Менделеев / индустриальная Россия,ИСТОРИКО-СТРАТЕГИЧЕСКИЙ,
M052,Сырьё → энергия → транспорт → промышленность,Ветвь 06 — Менделеев / индустриальная Россия,ИСТОРИКО-СТРАТЕГИЧЕСКИЙ,
M053,Научная организация промышленности,Ветвь 06 — Менделеев / индустриальная Россия,ИСТОРИКО-СТРАТЕГИЧЕСКИЙ,
M054,Государственное статистическое планирование,Ветвь 06 — Менделеев / индустриальная Россия,ИСТОРИКО-СТРАТЕГИЧЕСКИЙ,
M055,Индустриальная Россия,Ветвь 06 — Менделеев / индустриальная Россия,ИСТОРИКО-СТРАТЕГИЧЕСКИЙ,
M056,ГОЭЛРО,Ветвь 07 — ГОЭЛРО как операционная система мегапроектов,ИСТОРИКО-СТРАТЕГИЧЕСКИЙ,
M057,Региональные энергосистемы,Ветвь 07 — ГОЭЛРО как операционная система мегапроектов,ИСТОРИКО-СТРАТЕГИЧЕСКИЙ,
M058,Единая энергосистема,Ветвь 07 — ГОЭЛРО как операционная система мегапроектов,ИСТОРИКО-СТРАТЕГИЧЕСКИЙ,
M059,Электрификация транспорта,Ветвь 07 — ГОЭЛРО как операционная система мегапроектов,ИСТОРИКО-СТРАТЕГИЧЕСКИЙ,
M060,Электрификация промышленности,Ветвь 07 — ГОЭЛРО как операционная система мегапроектов,ИСТОРИКО-СТРАТЕГИЧЕСКИЙ,
M061,Электрификация сельского хозяйства,Ветвь 07 — ГОЭЛРО как операционная система мегапроектов,ИСТОРИКО-СТРАТЕГИЧЕСКИЙ,
M062,Энергия как основа модернизации,Ветвь 07 — ГОЭЛРО как операционная система мегапроектов,ИСТОРИКО-СТРАТЕГИЧЕСКИЙ,
M063,Энергия + промышленность + транспорт,Ветвь 07 — ГОЭЛРО как операционная система мегапроектов,ИСТОРИКО-СТРАТЕГИЧЕСКИЙ,
M064,Территориальное планирование развития,Ветвь 07 — ГОЭЛРО как операционная система мегапроектов,ИСТОРИКО-СТРАТЕГИЧЕСКИЙ,
M065,Единый хозяйственный организм,Ветвь 07 — ГОЭЛРО как операционная система мегапроектов,ИСТОРИКО-СТРАТЕГИЧЕСКИЙ,
M066,Пятилетнее планирование,Ветвь 08 — Советская индустриальная машина,ИСТОРИКО-СТРАТЕГИЧЕСКИЙ,
M067,Урало-Кузнецкий комбинат,Ветвь 08 — Советская индустриальная машина,ИСТОРИКО-СТРАТЕГИЧЕСКИЙ,
M068,Магнитогорский промышленный комплекс,Ветвь 08 — Советская индустриальная машина,ИСТОРИКО-СТРАТЕГИЧЕСКИЙ,
M069,Кузбасс,Ветвь 08 — Советская индустриальная машина,ИСТОРИКО-СТРАТЕГИЧЕСКИЙ,
M070,Днепровский энергетический комплекс,Ветвь 08 — Советская индустриальная машина,ИСТОРИКО-СТРАТЕГИЧЕСКИЙ,
M071,ДнепроГЭС,Ветвь 08 — Советская индустриальная машина,ИСТОРИКО-СТРАТЕГИЧЕСКИЙ,
M072,Волжско-Камский энергетический каскад,Ветвь 08 — Советская индустриальная машина,ИСТОРИКО-СТРАТЕГИЧЕСКИЙ,
M073,Ангаро-Енисейский энергетический комплекс,Ветвь 08 — Советская индустриальная машина,ИСТОРИКО-СТРАТЕГИЧЕСКИЙ,
M074,Канско-Ачинский топливно-энергетический комплекс,Ветвь 08 — Советская индустриальная машина,ИСТОРИКО-СТРАТЕГИЧЕСКИЙ,
M075,Территориально-производственные комплексы,Ветвь 08 — Советская индустриальная машина,ИСТОРИКО-СТРАТЕГИЧЕСКИЙ,
M076,Транссибирская магистраль,Ветвь 09 — Преобразование Сибири,ИСТОРИКО-СТРАТЕГИЧЕСКИЙ,
M077,БАМ,Ветвь 09 — Преобразование Сибири,ИСТОРИКО-СТРАТЕГИЧЕСКИЙ,
M078,Восточный железнодорожный полигон,Ветвь 09 — Преобразование Сибири,ИСТОРИКО-СТРАТЕГИЧЕСКИЙ,
M079,Ангаро-Енисейский промышленный узел,Ветвь 09 — Преобразование Сибири,ИСТОРИКО-СТРАТЕГИЧЕСКИЙ,
M080,Красноярский промышленный пояс,Ветвь 09 — Преобразование Сибири,ИСТОРИКО-СТРАТЕГИЧЕСКИЙ,
M081,Новосибирский научный центр,Ветвь 09 — Преобразование Сибири,ИСТОРИКО-СТРАТЕГИЧЕСКИЙ,
M082,Академгородок,Ветвь 09 — Преобразование Сибири,ИСТОРИКО-СТРАТЕГИЧЕСКИЙ,
M083,Томский научно-технологический центр,Ветвь 09 — Преобразование Сибири,ИСТОРИКО-СТРАТЕГИЧЕСКИЙ,
M084,Сибирский ядерный комплекс,Ветвь 09 — Преобразование Сибири,ИСТОРИКО-СТРАТЕГИЧЕСКИЙ,
M085,Сибирский научно-промышленный пояс,Ветвь 09 — Преобразование Сибири,ИСТОРИКО-СТРАТЕГИЧЕСКИЙ,
M086,Советский атомный проект,Ветвь 10 — Атомная цивилизация,ИСТОРИКО-СТРАТЕГИЧЕСКИЙ,
M087,Мирный атом,Ветвь 10 — Атомная цивилизация,ИСТОРИКО-СТРАТЕГИЧЕСКИЙ,
M088,Атомная энергетика,Ветвь 10 — Атомная цивилизация,ИСТОРИКО-СТРАТЕГИЧЕСКИЙ,
M089,Замкнутый ядерный топливный цикл,Ветвь 10 — Атомная цивилизация,ИСТОРИКО-СТРАТЕГИЧЕСКИЙ,
M090,Реакторы на быстрых нейтронах,Ветвь 10 — Атомная цивилизация,ИСТОРИКО-СТРАТЕГИЧЕСКИЙ,
M091,Малая модульная атомная энергетика,Ветвь 10 — Атомная цивилизация,ИСТОРИКО-СТРАТЕГИЧЕСКИЙ,
M092,Атомные ледоколы,Ветвь 10 — Атомная цивилизация,ИСТОРИКО-СТРАТЕГИЧЕСКИЙ,
M093,Атомная Арктика,Ветвь 10 — Атомная цивилизация,ИСТОРИКО-СТРАТЕГИЧЕСКИЙ,
M094,Атомная энергетика для удалённых территорий,Ветвь 10 — Атомная цивилизация,ИСТОРИКО-СТРАТЕГИЧЕСКИЙ,
M095,Атомная энергетика как фундамент индустриального развития,Ветвь 10 — Атомная цивилизация,ИСТОРИКО-СТРАТЕГИЧЕСКИЙ,
M096,Спутниковая навигация,Ветвь 11 — Космическая суперсистема,ИСТОРИКО-СТРАТЕГИЧЕСКИЙ,
M097,Спутниковая связь,Ветвь 11 — Космическая суперсистема,ИСТОРИКО-СТРАТЕГИЧЕСКИЙ,
M098,Дистанционное зондирование Земли,Ветвь 11 — Космическая суперсистема,ИСТОРИКО-СТРАТЕГИЧЕСКИЙ,
M099,Пилотируемая космонавтика,Ветвь 11 — Космическая суперсистема,ИСТОРИКО-СТРАТЕГИЧЕСКИЙ,
M100,Орбитальные станции,Ветвь 11 — Космическая суперсистема,ИСТОРИКО-СТРАТЕГИЧЕСКИЙ,
M101,Космодром Восточный,Ветвь 11 — Космическая суперсистема,ИСТОРИКО-СТРАТЕГИЧЕСКИЙ,
M102,Многоспутниковые группировки,Ветвь 11 — Космическая суперсистема,ИСТОРИКО-СТРАТЕГИЧЕСКИЙ,
M103,Российская орбитальная станция,Ветвь 11 — Космическая суперсистема,ИСТОРИКО-СТРАТЕГИЧЕСКИЙ,
M104,Серийное производство спутников,Ветвь 11 — Космическая суперсистема,ИСТОРИКО-СТРАТЕГИЧЕСКИЙ,
M105,Космическая промышленная инфраструктура,Ветвь 11 — Космическая суперсистема,ИСТОРИКО-СТРАТЕГИЧЕСКИЙ,
M106,Северный морской путь,Ветвь 12 — Арктическая мегатехнология,ИСТОРИКО-СТРАТЕГИЧЕСКИЙ,
M107,Круглогодичная арктическая навигация,Ветвь 12 — Арктическая мегатехнология,ИСТОРИКО-СТРАТЕГИЧЕСКИЙ,
M108,Атомный ледокольный флот,Ветвь 12 — Арктическая мегатехнология,ИСТОРИКО-СТРАТЕГИЧЕСКИЙ,
M109,Арктические порты,Ветвь 12 — Арктическая мегатехнология,ИСТОРИКО-СТРАТЕГИЧЕСКИЙ,
M110,Арктические аэродромы,Ветвь 12 — Арктическая мегатехнология,ИСТОРИКО-СТРАТЕГИЧЕСКИЙ,
M111,Арктические города,Ветвь 12 — Арктическая мегатехнология,ИСТОРИКО-СТРАТЕГИЧЕСКИЙ,
M112,Арктические энергетические комплексы,Ветвь 12 — Арктическая мегатехнология,ИСТОРИКО-СТРАТЕГИЧЕСКИЙ,
M113,Подводная арктическая инфраструктура,Ветвь 12 — Арктическая мегатехнология,ИСТОРИКО-СТРАТЕГИЧЕСКИЙ,
M114,Арктическая спутниковая сеть,Ветвь 12 — Арктическая мегатехнология,ИСТОРИКО-СТРАТЕГИЧЕСКИЙ,
M115,Арктический промышленный пояс,Ветвь 12 — Арктическая мегатехнология,ИСТОРИКО-СТРАТЕГИЧЕСКИЙ,
M116,ЕАЭС,Ветвь 13 — Большая Евразия,ИСТОРИКО-СТРАТЕГИЧЕСКИЙ,
M117,Евразийский экономический путь,Ветвь 13 — Большая Евразия,ИСТОРИКО-СТРАТЕГИЧЕСКИЙ,
M118,Большое Евразийское партнёрство,Ветвь 13 — Большая Евразия,ИСТОРИКО-СТРАТЕГИЧЕСКИЙ,
M119,Коридор Север–Юг,Ветвь 13 — Большая Евразия,ИСТОРИКО-СТРАТЕГИЧЕСКИЙ,
M120,Восточный транспортный коридор,Ветвь 13 — Большая Евразия,ИСТОРИКО-СТРАТЕГИЧЕСКИЙ,
M121,Россия–Казахстан–Китай,Ветвь 13 — Большая Евразия,ИСТОРИКО-СТРАТЕГИЧЕСКИЙ,
M122,Россия–Иран–Индия,Ветвь 13 — Большая Евразия,ИСТОРИКО-СТРАТЕГИЧЕСКИЙ,
M123,Евразийская железнодорожная сеть,Ветвь 13 — Большая Евразия,ИСТОРИКО-СТРАТЕГИЧЕСКИЙ,
M124,Евразийские энергетические коридоры,Ветвь 13 — Большая Евразия,ИСТОРИКО-СТРАТЕГИЧЕСКИЙ,
M125,Евразийское цифровое пространство,Ветвь 13 — Большая Евразия,ИСТОРИКО-СТРАТЕГИЧЕСКИЙ,
M126,Электронное государство,Ветвь 14 — Цифровая Россия,ИСТОРИКО-СТРАТЕГИЧЕСКИЙ,
M127,Цифровые государственные услуги,Ветвь 14 — Цифровая Россия,ИСТОРИКО-СТРАТЕГИЧЕСКИЙ,
M128,Цифровой рубль,Ветвь 14 — Цифровая Россия,ИСТОРИКО-СТРАТЕГИЧЕСКИЙ,
M129,Национальная платёжная инфраструктура,Ветвь 14 — Цифровая Россия,ИСТОРИКО-СТРАТЕГИЧЕСКИЙ,
M130,Национальные облачные вычисления,Ветвь 14 — Цифровая Россия,ИСТОРИКО-СТРАТЕГИЧЕСКИЙ,
M131,Суверенная цифровая инфраструктура,Ветвь 14 — Цифровая Россия,ИСТОРИКО-СТРАТЕГИЧЕСКИЙ,
M132,Национальная система данных,Ветвь 14 — Цифровая Россия,ИСТОРИКО-СТРАТЕГИЧЕСКИЙ,
M133,Национальный искусственный интеллект,Ветвь 14 — Цифровая Россия,ИСТОРИКО-СТРАТЕГИЧЕСКИЙ,
M134,Промышленная роботизация,Ветвь 14 — Цифровая Россия,ИСТОРИКО-СТРАТЕГИЧЕСКИЙ,
M135,Человеко-машинная экономика,Ветвь 14 — Цифровая Россия,ИСТОРИКО-СТРАТЕГИЧЕСКИЙ,
M136,НООСФЕРА-1,Синтетические мегапроекты будущего,СИНТЕЗ SINERGY,"Цифровая Земля реального времени на базе спутников, сенсоров, климатических, океанических, аграрных, энергетических данных и ИИ."
M137,ГОЭЛРО-2,Синтетические мегапроекты будущего,СИНТЕЗ SINERGY,"Интеллектуальная евразийская энергосистема, координирующая атомную, гидро-, газовую, ветровую, солнечную энергетику и накопители с помощью ИИ."
M138,СИБИРСКИЙ МАНХЭТТЕН,Синтетические мегапроекты будущего,СИНТЕЗ SINERGY,"Сибирский мегарегион, объединённый скоростным транспортом, ИИ, атомной энергетикой, университетами, робототехникой и биотехнологиями."
M139,АРКТИЧЕСКИЙ ЦИФРОВОЙ КОНТИНЕНТ,Синтетические мегапроекты будущего,СИНТЕЗ SINERGY,Северный морской путь + автономные суда + спутниковый ИИ + беспилотники + роботизированные порты + атомные энергетические узлы.
M140,ЕВРАЗИЙСКИЙ ЭКОНОМИЧЕСКИЙ ИНТЕРНЕТ,Синтетические мегапроекты будущего,СИНТЕЗ SINERGY,"Единый слой идентичности, платежей, таможни, логистики, сертификатов, контрактов и документов поверх физических евразийских коридоров."
M141,ЕВРАЗИЙСКИЙ ВАЛЮТНО-КЛИРИНГОВЫЙ МАРШРУТИЗАТОР,Синтетические мегапроекты будущего,СИНТЕЗ SINERGY,Распределённый клиринг между национальными валютами вместо обязательной единой валюты.
M142,АТОМНЫЙ СЕВЕР,Синтетические мегапроекты будущего,СИНТЕЗ SINERGY,Микрореакторы + автономные поселения + роботизированная добыча + ИИ.
M143,СИБИРСКИЙ ИИ-ЭНЕРГЕТИЧЕСКИЙ КОМПЛЕКС,Синтетические мегапроекты будущего,СИНТЕЗ SINERGY,"Электроэнергия → дата-центры → ИИ → экспорт вычислений, инференса и научного суперкомпьютинга."
M144,РОБОСИБИРЬ,Синтетические мегапроекты будущего,СИНТЕЗ SINERGY,"Высокоавтономный промышленный пояс: добыча, строительство, обслуживание и фабричная робототехника."
M145,ЕВРАЗИЙСКАЯ ТРАНСПОРТНАЯ СЕТЬ 4.0,Синтетические мегапроекты будущего,СИНТЕЗ SINERGY,СМП + Север–Юг + Транссиб + БАМ + Каспий + китайское направление под единым ИИ-логистическим слоем.
M146,РОССИЙСКИЙ КОСМИЧЕСКИЙ ИНТЕРНЕТ / ОРБИТАЛЬНАЯ ИНФРАСТРУКТУРА,Синтетические мегапроекты будущего,СИНТЕЗ SINERGY,Связь + навигация + наблюдение Земли + погода + транспорт + сельское хозяйство + геология + мониторинг Арктики.
M147,ЛУННЫЙ ПРОМЫШЛЕННЫЙ ПОЯС,Синтетические мегапроекты будущего,СИНТЕЗ SINERGY,"Луна как узел науки, энергетики, ресурсов и промышленной инфраструктуры."
M148,ОРБИТАЛЬНАЯ ЭНЕРГЕТИКА,Синтетические мегапроекты будущего,СИНТЕЗ SINERGY,Крупномасштабная космическая солнечная энергетика как новый энергетический слой.
M149,БЕССМЕРТНАЯ БИБЛИОТЕКА,Синтетические мегапроекты будущего,СИНТЕЗ SINERGY,"Сохранение голоса, знаний, биографии, работ и когнитивных паттернов в виде долговечных цифровых агентов и моделей."
M150,ПОЛНАЯ ЦИВИЛИЗАЦИЯ / ЦИВИЛИЗАЦИОННЫЙ СТЕК,Синтетические мегапроекты будущего,СИНТЕЗ SINERGY,"Интегрированный стек материи, энергии, космоса, информации, интеллекта, производства, биосферы, космической индустрии и ноосферы."
