relation_type,definition,semantic_class
ENABLES,Делает целевую систему возможной либо существенно разблокирует её развитие.,ENABLING
REQUIRES,Исходный узел не может полноценно работать в заявленном масштабе без целевого.,CAUSAL
VALIDATES,Источник или эксперимент проверяет и поддерживает целевое утверждение или способность.,EVIDENTIAL
DEPENDS_ON,"Исходный узел опирается на целевой как на ресурс, инфраструктуру или обязательную предпосылку.",CAUSAL
PROPOSED_BY,"Идея или проект атрибутированы человеку, институту или программе.",PROVENANCE
FUNDED_BY,Проект или активность получают финансирование от целевого субъекта; требуется явное подтверждение финансирования.,PROVENANCE
USES,"Исходная система использует целевую технологию, ресурс или способность.",ENABLING
PRODUCES,Исходная система непосредственно создаёт целевой результат либо экземпляр целевого класса.,CAUSAL
CONSUMES,Исходная система непосредственно потребляет целевой ресурс или вход.,CAUSAL
REDUCES_COST_OF,Исходная технология снижает стоимость или ресурсную нагрузку целевой способности.,CAUSAL
INCREASES_CAPACITY_OF,"Исходная технология расширяет производительность, масштаб или функциональные возможности целевого узла.",ENABLING
COMPETES_WITH,Узлы являются альтернативными подходами к существенно пересекающейся задаче.,THEMATIC
FALSIFIES,"Источник содержит данные, несовместимые с целевым утверждением.",EVIDENTIAL
RISKS,Исходный узел создаёт либо существенно повышает риск для целевого.,RISK
GOVERNS,"Исходный узел задаёт правила, ограничения, аудит, полномочия или контроль целевой системы.",GOVERNANCE
