id,name,domain,status,note
T001,World Models,AI / Intelligence,CATALOGED_FRONTIER_TECHNOLOGY,
T002,Autonomous Scientific AI,AI / Intelligence,CATALOGED_FRONTIER_TECHNOLOGY,
T003,AI Scientists,AI / Intelligence,CATALOGED_FRONTIER_TECHNOLOGY,
T004,AI Engineers,AI / Intelligence,CATALOGED_FRONTIER_TECHNOLOGY,
T005,Full-cycle AI programmers,AI / Intelligence,CATALOGED_FRONTIER_TECHNOLOGY,
T006,Recursive AI R&D,AI / Intelligence,CATALOGED_FRONTIER_TECHNOLOGY,
T007,Causal AI,AI / Intelligence,CATALOGED_FRONTIER_TECHNOLOGY,
T008,Neuro-symbolic AI,AI / Intelligence,CATALOGED_FRONTIER_TECHNOLOGY,
T009,Collective AI,AI / Intelligence,CATALOGED_FRONTIER_TECHNOLOGY,
T010,Civilization-scale AI simulation,AI / Intelligence,CATALOGED_FRONTIER_TECHNOLOGY,
T011,AI Agents 2.0,Agentic / autonomous systems,CATALOGED_FRONTIER_TECHNOLOGY,
T012,Multi-agent economies,Agentic / autonomous systems,CATALOGED_FRONTIER_TECHNOLOGY,
T013,Agent-to-agent commerce,Agentic / autonomous systems,CATALOGED_FRONTIER_TECHNOLOGY,
T014,Machine organizations,Agentic / autonomous systems,CATALOGED_FRONTIER_TECHNOLOGY,
T015,AI governance engines,Agentic / autonomous systems,CATALOGED_FRONTIER_TECHNOLOGY,
T016,Autonomous infrastructure management,Agentic / autonomous systems,CATALOGED_FRONTIER_TECHNOLOGY,
T017,Self-healing software,Agentic / autonomous systems,CATALOGED_FRONTIER_TECHNOLOGY,
T018,Self-designing algorithms,Agentic / autonomous systems,CATALOGED_FRONTIER_TECHNOLOGY,
T019,Machine science networks,Agentic / autonomous systems,CATALOGED_FRONTIER_TECHNOLOGY,
T020,Civilization Digital Twin,Agentic / autonomous systems,CATALOGED_FRONTIER_TECHNOLOGY,
T021,Humanoid robots,Robotics,CATALOGED_FRONTIER_TECHNOLOGY,
T022,General-purpose industrial robots,Robotics,CATALOGED_FRONTIER_TECHNOLOGY,
T023,Robot foundation models,Robotics,CATALOGED_FRONTIER_TECHNOLOGY,
T024,Swarm robotics,Robotics,CATALOGED_FRONTIER_TECHNOLOGY,
T025,Autonomous construction robots,Robotics,CATALOGED_FRONTIER_TECHNOLOGY,
T026,Autonomous mining,Robotics,CATALOGED_FRONTIER_TECHNOLOGY,
T027,Autonomous agriculture,Robotics,CATALOGED_FRONTIER_TECHNOLOGY,
T028,Autonomous underwater robots,Robotics,CATALOGED_FRONTIER_TECHNOLOGY,
T029,Arctic robots,Robotics,CATALOGED_FRONTIER_TECHNOLOGY,
T030,Self-replicating robotic factories,Robotics,CATALOGED_FRONTIER_TECHNOLOGY,
T031,Commercial fusion,Energy,CATALOGED_FRONTIER_TECHNOLOGY,
T032,Compact fusion reactors,Energy,CATALOGED_FRONTIER_TECHNOLOGY,
T033,Next-generation stellarators,Energy,CATALOGED_FRONTIER_TECHNOLOGY,
T034,Fusion–fission hybrids,Energy,CATALOGED_FRONTIER_TECHNOLOGY,
T035,Small Modular Reactors,Energy,CATALOGED_FRONTIER_TECHNOLOGY,
T036,Microreactors,Energy,CATALOGED_FRONTIER_TECHNOLOGY,
T037,Fast-spectrum reactors,Energy,CATALOGED_FRONTIER_TECHNOLOGY,
T038,Closed nuclear fuel cycle,Energy,CATALOGED_FRONTIER_TECHNOLOGY,
T039,Superhot-rock geothermal,Energy,CATALOGED_FRONTIER_TECHNOLOGY,
T040,Space-based solar power,Energy,CATALOGED_FRONTIER_TECHNOLOGY,
T041,Everything-to-grid,Energy grids 2.0,CATALOGED_FRONTIER_TECHNOLOGY,
T042,AI Grid,Energy grids 2.0,CATALOGED_FRONTIER_TECHNOLOGY,
T043,Virtual Power Plants,Energy grids 2.0,CATALOGED_FRONTIER_TECHNOLOGY,
T044,Superconducting power grids,Energy grids 2.0,CATALOGED_FRONTIER_TECHNOLOGY,
T045,DC megagrids,Energy grids 2.0,CATALOGED_FRONTIER_TECHNOLOGY,
T046,Eurasian supergrid,Energy grids 2.0,CATALOGED_FRONTIER_TECHNOLOGY,
T047,Nuclear-powered data centers,Energy grids 2.0,CATALOGED_FRONTIER_TECHNOLOGY,
T048,Compute-to-energy optimization,Energy grids 2.0,CATALOGED_FRONTIER_TECHNOLOGY,
T049,Energy Internet,Energy grids 2.0,CATALOGED_FRONTIER_TECHNOLOGY,
T050,Autonomous energy islands,Energy grids 2.0,CATALOGED_FRONTIER_TECHNOLOGY,
T051,AI-designed materials,Advanced materials,CATALOGED_FRONTIER_TECHNOLOGY,
T052,Metamaterials,Advanced materials,CATALOGED_FRONTIER_TECHNOLOGY,
T053,Programmable matter,Advanced materials,CATALOGED_FRONTIER_TECHNOLOGY,
T054,Self-healing materials,Advanced materials,CATALOGED_FRONTIER_TECHNOLOGY,
T055,Room-temperature superconductors,Advanced materials,CATALOGED_FRONTIER_TECHNOLOGY,far-frontier / unproven as a general technology
T056,2D materials,Advanced materials,CATALOGED_FRONTIER_TECHNOLOGY,
T057,Ultra-high-performance composites,Advanced materials,CATALOGED_FRONTIER_TECHNOLOGY,
T058,Molecular manufacturing,Advanced materials,CATALOGED_FRONTIER_TECHNOLOGY,
T059,Nanomachines,Advanced materials,CATALOGED_FRONTIER_TECHNOLOGY,
T060,Atomically precise manufacturing,Advanced materials,CATALOGED_FRONTIER_TECHNOLOGY,
T061,Programmable cells,Biotechnology,CATALOGED_FRONTIER_TECHNOLOGY,
T062,Engineered living therapeutics,Biotechnology,CATALOGED_FRONTIER_TECHNOLOGY,
T063,AI-designed proteins,Biotechnology,CATALOGED_FRONTIER_TECHNOLOGY,
T064,Synthetic organisms,Biotechnology,CATALOGED_FRONTIER_TECHNOLOGY,
T065,Synthetic food,Biotechnology,CATALOGED_FRONTIER_TECHNOLOGY,
T066,Precision fermentation,Biotechnology,CATALOGED_FRONTIER_TECHNOLOGY,
T067,Cellular agriculture,Biotechnology,CATALOGED_FRONTIER_TECHNOLOGY,
T068,Xenotransplantation,Biotechnology,CATALOGED_FRONTIER_TECHNOLOGY,
T069,Personalized mRNA vaccines,Biotechnology,CATALOGED_FRONTIER_TECHNOLOGY,
T070,AI-designed drugs,Biotechnology,CATALOGED_FRONTIER_TECHNOLOGY,
T071,Digital twins of patients,Medicine 2.0,CATALOGED_FRONTIER_TECHNOLOGY,
T072,AI clinical systems / AI doctors,Medicine 2.0,CATALOGED_FRONTIER_TECHNOLOGY,
T073,Robotic microsurgery,Medicine 2.0,CATALOGED_FRONTIER_TECHNOLOGY,
T074,Brain–computer interfaces,Medicine 2.0,CATALOGED_FRONTIER_TECHNOLOGY,
T075,Neural prosthetics,Medicine 2.0,CATALOGED_FRONTIER_TECHNOLOGY,
T076,Brain-to-brain interfaces,Medicine 2.0,CATALOGED_FRONTIER_TECHNOLOGY,hypothetical frontier
T077,Regenerative medicine,Medicine 2.0,CATALOGED_FRONTIER_TECHNOLOGY,
T078,Organ bioprinting,Medicine 2.0,CATALOGED_FRONTIER_TECHNOLOGY,
T079,Cellular reprogramming,Medicine 2.0,CATALOGED_FRONTIER_TECHNOLOGY,
T080,Longevity engineering,Medicine 2.0,CATALOGED_FRONTIER_TECHNOLOGY,
T081,Fault-tolerant quantum computers,Quantum world,CATALOGED_FRONTIER_TECHNOLOGY,
T082,Quantum simulation,Quantum world,CATALOGED_FRONTIER_TECHNOLOGY,
T083,Quantum networks,Quantum world,CATALOGED_FRONTIER_TECHNOLOGY,
T084,Quantum internet,Quantum world,CATALOGED_FRONTIER_TECHNOLOGY,
T085,Quantum sensors,Quantum world,CATALOGED_FRONTIER_TECHNOLOGY,
T086,Quantum navigation,Quantum world,CATALOGED_FRONTIER_TECHNOLOGY,
T087,Quantum cryptography,Quantum world,CATALOGED_FRONTIER_TECHNOLOGY,
T088,Post-quantum cryptography,Quantum world,CATALOGED_FRONTIER_TECHNOLOGY,
T089,Quantum machine learning,Quantum world,CATALOGED_FRONTIER_TECHNOLOGY,
T090,Quantum chemistry engines,Quantum world,CATALOGED_FRONTIER_TECHNOLOGY,
T091,Space-based data centers,Space,CATALOGED_FRONTIER_TECHNOLOGY,
T092,Orbital manufacturing,Space,CATALOGED_FRONTIER_TECHNOLOGY,
T093,Space solar power,Space,CATALOGED_FRONTIER_TECHNOLOGY,
T094,Lunar resource extraction,Space,CATALOGED_FRONTIER_TECHNOLOGY,
T095,Lunar industrial bases,Space,CATALOGED_FRONTIER_TECHNOLOGY,
T096,Asteroid mining,Space,CATALOGED_FRONTIER_TECHNOLOGY,
T097,Orbital fuel depots,Space,CATALOGED_FRONTIER_TECHNOLOGY,
T098,Autonomous space robotics,Space,CATALOGED_FRONTIER_TECHNOLOGY,
T099,Active orbital debris removal,Space,CATALOGED_FRONTIER_TECHNOLOGY,
T100,Self-expanding space industry,Space,CATALOGED_FRONTIER_TECHNOLOGY,
